Store Name,Store Number,Store Complex,Address,City,State,Zip,Phone Number
Whole Foods Market,birmingham,,3100 Cahaba Village Plaza,Birmingham,AL,35243,+1 205-912-8400
Whole Foods Market,huntsville,,2501 Memorial Parkway Southwest,Huntsville,AL,35801,+1 256-801-3741
Whole Foods Market,,,Halcyon Forest Trail,Montgomery,AL,36117,
Whole Foods Market,fayetteville,,3425 North College Avenue,Fayetteville,AR,72703,+1 479-695-5561
Whole Foods Market,bowman,,501 Bowman Road,Little Rock,AR,72211,+1 501-312-2326
Whole Foods Market,,,1801 South 46th Street,Rogers,AR,72758,
Whole Foods Market,chandler,,2955 West Ray Road,Chandler,AZ,85224,+1 480-821-9447
Whole Foods Market,flagstaff,,320 South Cambridge Lane,Flagstaff,AZ,86001,+1 928-774-5747
Whole Foods Market,camelback,,4701 North 20th Street,Phoenix,AZ,85016,+1 602-761-4750
Whole Foods Market,,,12500 North Tatum Boulevard,Phoenix,AZ,85032,+1-602-569-7600
Whole Foods Market,scottsdale,,7111 East Mayo Boulevard,Phoenix,AZ,85054,+1 480-515-3777
Whole Foods Market,,,7628 E Indian School Road,Scottsdale,AZ,85251,
Whole Foods Market,sedona,,1420 State Route 89A,Sedona,AZ,86336,+1 928-282-6311
Whole Foods Market,tempe,,750 South Ash Avenue,Tempe,AZ,85281,+1 480-456-1400
Whole Foods Market,riverroad,,5555 East River Road,Tucson,AZ,85750,+1 520-461-1300
Whole Foods Market,speedway,,3360 East Speedway Boulevard,Tucson,AZ,85716,+1 520-795-9844
Whole Foods Market,oracle,,7133 North Oracle Road,Tucson,AZ,85704,+1 520-352-0111
Whole Foods Market,berkeley,,3000 Telegraph Avenue,Berkeley,CA,94705,+1 510-649-1333
Whole Foods Market,1627736,,1025 Gilman Street,Berkeley,CA,94710,+1 510-809-8293
Whole Foods Market,beverlyhills,,239 North Crescent Drive,Beverly Hills,CA,90210,+1 310-274-3360
Whole Foods Market,brea,,3301 East Imperial Highway,Brea,CA,92823,+1 714-528-7400
Whole Foods Market,burbank,,3401 West Olive Avenue,Burbank,CA,91505,+1 818-239-5380
Whole Foods Market,campbell,,1690 South Bascom Avenue,Campbell,CA,95008,+1 408-371-5000
Whole Foods Market,capitola,,1710 41st Avenue,Capitola,CA,95010,+1 831-464-2900
Whole Foods Market,concord,,2085 Diamond Boulevard,Concord,CA,94520,+1 925-695-3180
Whole Foods Market,delmar,,2600 Via De La Valle,Del Mar,CA,92014,+1 858-436-9800
Whole Foods Market,dublin-ca,,5200 Dublin Boulevard,Dublin,CA,94568,+1 925-452-2226
Whole Foods Market,elsegundo,,760 South Sepulveda Boulevard,El Segundo,CA,90245,+1 310-333-1900
Whole Foods Market,folsom,,270 Palladio Parkway,Folsom,CA,95630,+1 916-984-8500
Whole Foods Market,fremont-ca,,3111 Mowry Avenue,Fremont,CA,94538,+1 510-401-5880
Whole Foods Market,fresno,,650 West Shaw Avenue,Fresno,CA,93740,+1 559-241-0300
Whole Foods Market,glendale,,331 North Glendale Avenue,Glendale,CA,91206,+1 818-548-3695
Whole Foods Market,huntingtonbeach,,7881 Edinger Avenue,Huntington Beach,CA,92647,+1 657-200-4200
Whole Foods Market,brookhurst,,10071 Adams Avenue,Huntington Beach,CA,92646,+1 714-594-6850
Whole Foods Market,irvine,,8525 Research Drive,Irvine,CA,92618,+1 949-777-8500
Whole Foods Market,lajolla,,8825 Villa La Jolla Drive,La Jolla,CA,92037,+1 858-642-6700
Whole Foods Market,lafayette,,3502 Mount Diablo Boulevard,Lafayette,CA,94549,+1 925-284-5305
Whole Foods Market,lagunabeach,,283 Broadway Street,Laguna Beach,CA,92651,+1 949-376-7888
Whole Foods Market,lagunaniguel,,23932 Aliso Creek Road,Laguna Niguel,CA,92677,+1 949-900-5830
Whole Foods Market,longbeachlakewood,,3881 Lakewood Boulevard,Long Beach,CA,90808,+1-562-548-1840
Whole Foods Market,longbeach,,6400 East Marina Drive,Long Beach,CA,90803,+1 562-598-8687
Whole Foods Market,losaltos,,4800 El Camino Real,Los Altos,CA,94022,+1 650-559-0300
Whole Foods Market,westwood,,1050 Gayley Avenue,Los Angeles,CA,90024,+1 310-824-0858
Whole Foods Market,downtownlosangeles,,788 South Grand Avenue,Los Angeles,CA,90017,+1 213-873-4745
Whole Foods Market,westlosangeles,,11666 National Boulevard,Los Angeles,CA,90064,+1 310-996-8840
Whole Foods Market,brentwood,,11737 San Vicente Boulevard,Los Angeles,CA,90049,+1 310-826-4433
Whole Foods Market,culvercity,,3377 La Cienega Boulevard,Los Angeles,CA,90016,+1 424-434-7960
Whole Foods Market,fairfax,,6350 West 3rd Street,Los Angeles,CA,90036,+1 323-964-6800
Whole Foods Market,silverlake,,2520 Glendale Boulevard,Los Angeles,CA,90039,+1 323-378-3891
Whole Foods Market,losgatos,,15890 Los Gatos Boulevard,Los Gatos,CA,95032,+1 408-358-4434
Whole Foods Market,malibu,,23401 Civic Center Way,Malibu,CA,90265,+1 424-425-7351
Whole Foods Market,millvalley,,414 Miller Avenue,Mill Valley,CA,94941,+1 415-381-1200
Whole Foods Market,blithedale,,731 East Blithedale Avenue,Mill Valley,CA,94941,+1 415-381-3900
Whole Foods Market,monterey,,800 Del Monte Center,Monterey,CA,93940,+1 831-333-1600
Whole Foods Market,napa,,3682 Bel Aire Plaza,Napa,CA,94558,+1 707-224-6300
Whole Foods Market,newport,,415 Newport Center Drive East,Newport Beach,CA,92660,+1 949-999-8572
Whole Foods Market,novato,,790 De Long Avenue,Novato,CA,94945,+1 415-878-0455
Whole Foods Market,temescal,,5101;5179;5199 Telegraph Avenue,Oakland,CA,94609,+1 510-903-2222
Whole Foods Market,oakland,,230 Bay Place,Oakland,CA,94612,+1 510-834-9800
Whole Foods Market,oxnard,,650 Town Center Drive,Oxnard,CA,93036,+1-805-751-4300
Whole Foods Market,palmdesert,,East Palm Canyon Drive,Palm Desert,CA,92260,+1 760-797-8200
Whole Foods Market,paloalto,,774 Emerson Street,Palo Alto,CA,94301,+1 650-326-8676
Whole Foods Market,pasadena,,3751 East Foothill Boulevard,Pasadena,CA,91107,+1 626-351-5994
Whole Foods Market,arroyo,,465 South Arroyo Parkway,Pasadena,CA,91105,+1 626-204-2266
Whole Foods Market,petaluma,,621 East Washington Street,Petaluma,CA,94952,+1 707-762-9352
Whole Foods Market,playavista,,12746 West Jefferson Boulevard,Playa Vista,CA,90094,+1 310-862-9900
Whole Foods Market,porterranch,,20209 Rinaldi Street,Porter Ranch,CA,91326,+1 818-363-3933
Whole Foods Market,redondobeach,,405 Pacific Coast Highway,Redondo Beach,CA,90277,+1 310-376-6931
Whole Foods Market,redwoodcity,,1250 Jefferson Avenue,Redwood City,CA,94062,+1 650-367-1400
Whole Foods Market,roseville,,1001 Galleria Boulevard,Roseville,CA,95678,+1 916-781-5300
Whole Foods Market,sacramento,,4315 Arden Way,Sacramento,CA,95864,+1 916-488-2800
Whole Foods Market,sandiego,,711 University Avenue,San Diego,CA,92103,+1 619-294-2800
Whole Foods Market,soma,,399 4th Street,San Francisco,CA,94107,+1 415-618-0066
Whole Foods Market,franklin,,1765 California Street,San Francisco,CA,94109,+1 415-674-0500
Whole Foods Market,ocean,,1150 Ocean Avenue,San Francisco,CA,94112,+1 415-333-7400
Whole Foods Market,2001marketstreet,,2001 Market Street,San Francisco,CA,94114,+1 415-626-1430
Whole Foods Market,potrerohill,,450 Rhode Island Street,San Francisco,CA,94107,+1 415-552-1155
Whole Foods Market,stonestown,,3251 20th Avenue,San Francisco,CA,94132,+1 415-375-4242
Whole Foods Market,noevalley,,3950 24th Street,San Francisco,CA,94114,+1 415-282-4700
Whole Foods Market,haightstreet,,690 Stanyan Street,San Francisco,CA,94117,+1 415-876-6740
Whole Foods Market,ALM,,777 The Alameda,San Jose,CA,95126,+1-408-207-1126
Whole Foods Market,blossomhill,,1146 Blossom Hill Road,San Jose,CA,95118,+1 408-266-3700
Whole Foods Market,sanluisobispo,,1531 Froom Ranch Way,San Luis Obispo,CA,93405,+1 805-785-0194
Whole Foods Market,sanmateo,,1010 Park Place,San Mateo,CA,94403,+1 650-358-6900
Whole Foods Market,sanrafael,,340 3rd Street,San Rafael,CA,94901,+1 415-451-6333
Whole Foods Market,ram,,100 Sunset Drive,San Ramon,CA,94583,+1 925-355-9000
Whole Foods Market,santabarbara,,3761 State Street,Santa Barbara,CA,93105,+1-805-837-6959
Whole Foods Market,santaclara,,2732 Augustine Drive,Santa Clara,CA,95054,+1 408-562-9162
Whole Foods Market,val,,24130 Valencia Boulevard,Santa Clarita,CA,91355,+1 661-260-2377
Whole Foods Market,santacruz,,911 Soquel Avenue,Santa Cruz,CA,95062,+1 831-426-9901
Whole Foods Market,santamonicapico,,2121 Cloverfield Boulevard,Santa Monica,CA,90404,+1 310-752-1155
Whole Foods Market,santamonica,,2201 Wilshire Boulevard,Santa Monica,CA,90403,+1 310-315-0662
Whole Foods Market,montanaave,,1425 Montana Avenue,Santa Monica,CA,90403,+1 310-576-4707
Whole Foods Market,coddingtown,,390 Coddingtown Mall,Santa Rosa,CA,95401,+1 707-542-7411
Whole Foods Market,santarosa,,1181 Yulupa Avenue,Santa Rosa,CA,95405,+1 707-575-7915
Whole Foods Market,sebastopol,,6910 McKinley Street,Sebastopol,CA,95472,+1 707-829-9801
Whole Foods Market,shermanoakseast,,12905 Riverside Drive,Sherman Oaks,CA,91423,+1 818-853-8600
Whole Foods Market,shermanoaks-west,,4520 Sepulveda Boulevard,Sherman Oaks,CA,91403,+1 818-382-3700
Whole Foods Market,sherman-oaks,,14311 Ventura Boulevard,Sherman Oaks,CA,91423,+1 818-528-8030
Whole Foods Market,sonoma,,201 West Napa Street,Sonoma,CA,95476,+1 707-938-8500
Whole Foods Market,southlaketahoe,,3600 Lake Tahoe Boulevard,South Lake Tahoe,CA,96150,+1 530-578-4555
Whole Foods Market,sunnyvale,,150 East McKinley Avenue,Sunnyvale,CA,94086,+1 408-419-1290
Whole Foods Market,thousandoaks,,740 North Moorpark Road,Thousand Oaks,CA,91360,+1 805-777-4730
Whole Foods Market,torrance,,2655 Pacific Coast Highway,Torrance,CA,90505,+1 310-257-8700
Whole Foods Market,tustin,,2847 Park Avenue,Tustin,CA,92782,+1 714-566-7650
Whole Foods Market,upland,,2153 West Baseline Road,Upland,CA,91784,+1 909-579-2670
Whole Foods Market,venice,,225 Lincoln Boulevard,Venice,CA,90291,+1 310-566-9480
Whole Foods Market,ygnaciovalleyroad,,2941 Ygnacio Valley Road,Walnut Creek,CA,94598,+1 925-269-9010
Whole Foods Market,walnutcreek,,1333 Newell Avenue,Walnut Creek,CA,94596,+1 925-274-9700
Whole Foods Market,westhollywood,,7871 Santa Monica Boulevard,West Hollywood,CA,90046,+1 323-848-4200
Whole Foods Market,woodlandhills,,21347 Ventura Boulevard,Woodland Hills,CA,91364,+1 818-610-0000
Whole Foods Market,roaringfork,,340 Reed Street,Basalt,CO,81621,+1 970-927-1500
Whole Foods Market,boulder,,2905 Pearl Street,Boulder,CO,80301,+1 303-545-6611
Whole Foods Market,bouldertablemesa,,695 South Broadway,Boulder,CO,80305,+1 303-376-6980
Whole Foods Market,idealmarket,,1275 Alpine Avenue,Boulder,CO,80304,+1 303-443-1354
Whole Foods Market,castlerock,,6384 Promenade Parkway,Castle Rock,CO,80108,+1 720-673-4700
Whole Foods Market,southglenn,,6853 South York Street,Centennial,CO,80122,+1-303-996-3660
Whole Foods Market,6670,,7635 North Academy Boulevard,Colorado Springs,CO,80920,+1-719-531-9999
Whole Foods Market,tamarac,,7400 East Hampden Avenue,Denver,CO,80231,+1 303-488-2000
Whole Foods Market,unionstation,,1757 Wewatta Street,Denver,CO,80202,+1 720-572-8800
Whole Foods Market,washingtonpark,,1111 South Washington Street,Denver,CO,80209,+1 303-733-6201
Whole Foods Market,idealmarketdenver,,900 East 11th Avenue,Denver,CO,80218,+1 720-643-1750
Whole Foods Market,cherrycreek,,2375 East 1st Avenue,Denver,CO,80206,+1 720-941-4100
Whole Foods Market,fortcollins,,2201 South College Avenue,Fort Collins,CO,80525,+1 970-267-9200
Whole Foods Market,frisco,,261 Lusher Court,Frisco,CO,80443,+1-970-668-9400
Whole Foods Market,coloradoblvd,,870 South Colorado Boulevard,Glendale,CO,80246,+1 303-691-0101
Whole Foods Market,highlandsranch,,9366 South Colorado Boulevard,Highlands Ranch,CO,80126,+1 303-470-6003
Whole Foods Market,belmar,,444 South Wadsworth Boulevard,Lakewood,CO,80226,+1-303-935-5000
Whole Foods Market,,,14225 West Colfax Avenue,Lakewood,CO,80401,+1-303-277-1339
Whole Foods Market,governorsranch,,5155 South Wadsworth Boulevard,Littleton,CO,80123,+1 303-586-5220
Whole Foods Market,longmont,,1250 South Hover Road,Longmont,CO,80501,+1 720-438-2550
Whole Foods Market,,,8665 Kings Point Way,Parker,CO,80138,
Whole Foods Market,superior,,303 Marshall Road,Superior,CO,80027,+1 720-274-1415
Whole Foods Market,bradburn,,4451 Main Street,Westminster,CO,80031,+1 303-439-7000
Whole Foods Market,avonvillage,,50 Climax Road,Avon,CT,06001,+1 860-777-2070
Whole Foods Market,danbury,,5 Sugar Hollow Road,Danbury,CT,06810,+1 203-730-0599
Whole Foods Market,darien,,150 Ledge Road,Darien,CT,06820,+1 203-662-0577
Whole Foods Market,fairfield,,350 Grasmere Avenue,Fairfield,CT,06824,+1 203-319-9544
Whole Foods Market,glastonbury,,55 Welles Street,Glastonbury,CT,06033,+1 860-652-9800
Whole Foods Market,greenwich,,90 East Putnam Avenue,Greenwich,CT,06830,+1 203-661-0631
Whole Foods Market,milford,,1686 Boston Post Road,Milford,CT,06460,+1 203-874-0883
Whole Foods Market,,,Evergreen Way,South Windsor,CT,06074,+1 860-474-4100
Whole Foods Market,,,Long Ridge Road,Stamford,CT,06905,
Whole Foods Market,westhartford,,50 Raymond Road,West Hartford,CT,06107,+1 860-523-8500
Whole Foods Market,bishopscorner,,340 North Main Street,West Hartford,CT,06117,+1 860-523-7174
Whole Foods Market,westport,,399 Post Road West,Westport,CT,06880,+1 203-227-6858
Whole Foods Market,pstreet,,1440 P Street Northwest,Washington,DC,20005,+1 202-332-4300
Whole Foods Market,tenley,,4530 40th Street Northwest,Washington,DC,20016,+1 202-237-5800
Whole Foods Market,hstreet,,600 H Street Northeast,Washington,DC,20002,+1 202-469-7410
Whole Foods Market,southcapitolhill,,101 H Street Southeast,Washington,DC,20003,+1 202-469-7280
Whole Foods Market,floridaavenue,,967 Florida Avenue Northwest,Washington,DC,20001,+1 202-519-3400
Whole Foods Market,historicwalterreed,,7150 12th Street Northwest,Washington,DC,20012,+1 202-846-6680
Whole Foods Market,gloverpark,,2323 Wisconsin Avenue Northwest,Washington,DC,20007,+1 202-747-5570
Whole Foods Market,foggybottom,,2201 I Street Northwest,Washington,DC,20037,+1 202-296-1660
Whole Foods Market,altamontesprings,,305 East Altamonte Drive,Altamonte Springs,FL,32701,+1 407-767-2100
Whole Foods Market,aventura,,21105 Biscayne Boulevard,Aventura,FL,33180,+1 305-682-4400
Whole Foods Market,westbocaraton,,9560 Glades Road,Boca Raton,FL,33434,+1 561-922-5977
Whole Foods Market,bocaraton,,1400 Glades Road,Boca Raton,FL,33431,+1 561-447-0000
Whole Foods Market,,,7395 Boynton Beach Boulevard,Boynton Beach,FL,33437,
Whole Foods Market,clearwater,,27001 US 19 North,Clearwater,FL,33761,+1 727-724-7100
Whole Foods Market,coralgables,,6701 Red Road,Coral Gables,FL,33143,+1 305-421-9421
Whole Foods Market,coralsprings,,810 University Drive,Coral Springs,FL,33071,+1 954-796-5800
Whole Foods Market,davie,,1903 South University Drive,Davie,FL,33324,+1 954-916-3000
Whole Foods Market,delraybeach,,680 Linton Boulevard,Delray Beach,FL,33444,+1 561-639-5701
Whole Foods Market,destin,,4402 Legendary Drive,Destin,FL,32541,+1 850-269-7400
Whole Foods Market,17thstreet,,501 Southeast 17th Street,Fort Lauderdale,FL,33316,+1 954-380-8440
Whole Foods Market,fortlauderdale,,2000 Federal Highway,Fort Lauderdale,FL,33304,+1 954-398-2000
Whole Foods Market,fortmyers,,6891 Daniels Parkway,Fort Myers,FL,33912,+1 239-935-6550
Whole Foods Market,gainesville,,3490 Southwest Archer Road,Gainesville,FL,32608,+1 352-244-8302
Whole Foods Market,jacksonville,,10601 San Jose Boulevard,Jacksonville,FL,32257,+1 904-288-1100
Whole Foods Market,jacksonvillebeach,,2050 3rd Street South,Jacksonville Beach,FL,32250,+1 904-685-7370
Whole Foods Market,downtownmiami,,299 Southeast 3rd Avenue,Miami,FL,33131,+1 305-995-0600
Whole Foods Market,dadeland,,7930 Southwest 104th Street,Miami,FL,33156,+1 305-969-5800
Whole Foods Market,,,2910 Biscayne Boulevard,Miami,FL,33137,+1-305-509-8200
Whole Foods Market,southbeach,,1020 Alton Road,Miami Beach,FL,33139,+1 305-532-1707
Whole Foods Market,naples,,9101 Strada Place,Naples,FL,34108,+1-239-552-5100
Whole Foods Market,northmiami,,12150 Biscayne Boulevard,North Miami,FL,33181,+1 305-892-5500
Whole Foods Market,orlando,,8003 Turkey Lake Road,Orlando,FL,32819,+1 407-355-7100
Whole Foods Market,palmbeachgardens,,11701 Lake Victoria Gardens Avenue,Palm Beach Gardens,FL,33410,+1 561-691-8550
Whole Foods Market,pembrokepines,,14956 Pines Boulevard,Pembroke Pines,FL,33027,+1 954-392-3500
Whole Foods Market,pompanobeach,,2411 North Federal Highway,Pompano Beach,FL,33062,+1 954-786-3500
Whole Foods Market,,,2035 Viera Boulevard,Rockledge,FL,32940,
Whole Foods Market,universitystation,,5298 University Parkway,Sarasota,FL,34243,+1 941-806-6130
Whole Foods Market,sarasota,,1451 1st Street,Sarasota,FL,34236,+1 941-316-4700
Whole Foods Market,tallahassee,,1817 Thomasville Road,Tallahassee,FL,32303,+1-850-513-4200
Whole Foods Market,midtowntampa,,3740 West Cypress Street,Tampa,FL,33607,+1 813-323-9466
Whole Foods Market,carrollwood,,3802 Northdale Boulevard,Tampa,FL,33624,+1 813-264-3600
Whole Foods Market,wellington,,2635 State Road 7,Wellington,FL,33414,+1 561-904-4000
Whole Foods Market,westpalmbeach,,1845 Palm Beach Lakes Boulevard,West Palm Beach,FL,33401,+1 561-471-3800
Whole Foods Market,winterparknorth,,1030 Orlando Avenue,Winter Park,FL,32789,+1 407-377-6040
Whole Foods Market,avalon,,2800 Old Milton Parkway,Alpharetta,GA,30009,+1 678-534-3138
Whole Foods Market,poncedeleon,,650 Ponce de Leon Avenue Northeast,Atlanta,GA,30308,+1 404-853-1681
Whole Foods Market,chamblee,,5001 Peachtree Boulevard,Atlanta,GA,30341,+1 470-552-0750
Whole Foods Market,buckhead,,77 West Paces Ferry Road Northwest,Atlanta,GA,30305,+1 404-324-4100
Whole Foods Market,midtownatlanta,,22 14th Street Northwest,Atlanta,GA,30309,+1-470-552-4201
Whole Foods Market,sandysprings,,5930 Roswell Road,Atlanta,GA,30328,+1 404-236-0810
Whole Foods Market,northsidebuckhead,,3535 Northside Parkway,Atlanta,GA,30327,+1 470-552-3040
Whole Foods Market,decatur,,1555 Church Street,Decatur,GA,30033,+1 470-237-7340
Whole Foods Market,duluth,,5945 State Bridge Road,Duluth,GA,30097,+1 678-514-2400
Whole Foods Market,kennesaw,,1300 Ernest West Barrett Parkway,Kennesaw,GA,30144,+1 770-578-4400
Whole Foods Market,merchantswalk,,1311 Johnson Ferry Road Northeast,Marietta,GA,30068,+1 678-996-9700
Whole Foods Market,savannah,,1821 East Victory Drive,Savannah,GA,31404,+1 912-358-5829
Whole Foods Market,honolulu,,4211 Waialae Avenue,Honolulu,HI,96816,+1 808-738-0820
Whole Foods Market,queen,,388 Kamakee Street,Honolulu,HI,96814,+1 808-379-1800
Whole Foods Market,maui,,70 Kaahumanu Avenue,Kahului,HI,96732,+1 808-872-3310
Whole Foods Market,kailua,,629 Kailua Road,Kailua,HI,96734,+1 808-263-6800
Whole Foods Market,westdesmoines,,4100 University Avenue,West Des Moines,IA,50266,+1-515-343-2600
Whole Foods Market,boise,,401 South Broadway Avenue,Boise,ID,83702,+1 208-287-4600
Whole Foods Market,northalsted,,3640 North Halsted Street,Chicago,IL,60613,+1 773-472-0400
Whole Foods Market,southloop,,1101 South Canal Street,Chicago,IL,60607,+1 312-435-4600
Whole Foods Market,onechicago,,3 West Chicago Avenue,Chicago,IL,60654,+1 312-932-9600
Whole Foods Market,streeterville,,255 East Grand Avenue,Chicago,IL,60611,+1 312-379-7900
Whole Foods Market,hydepark,,5118 South Lake Park Avenue,Chicago,IL,60615,+1 773-819-1600
Whole Foods Market,sauganash,,6020 North Cicero Avenue,Chicago,IL,60646,+1 773-205-1100
Whole Foods Market,westloop,,1 North Halsted Street,Chicago,IL,60661,+1 312-207-8400
Whole Foods Market,chicagoedgewater,,6009 Wholefood,Chicago,IL,60660,+1 773-506-7600
Whole Foods Market,lincolnpark,,1550 North Kingsbury Street,Chicago,IL,60642,+1 312-587-0648
Whole Foods Market,lakeviewnew,,3201 North Ashland Avenue,Chicago,IL,60657,+1 773-244-4200
Whole Foods Market,deerfield,,760 Waukegan Road,Deerfield,IL,60015,+1 847-444-1900
Whole Foods Market,elmhurst,,215 South Route 83,Elmhurst,IL,60126,+1 630-993-7600
Whole Foods Market,greenbayroad,,2748 Green Bay Road,Evanston,IL,60201,+1 847-424-5700
Whole Foods Market,evanston,,1640 Chicago Avenue,Evanston,IL,60201,+1 847-733-1600
Whole Foods Market,evergreenpark,,9600 South Western Avenue,Evergreen Park,IL,60805,+1 708-931-3030
Whole Foods Market,hinsdale,,500 East Ogden Avenue,Hinsdale,IL,60521,+1 630-986-8500
Whole Foods Market,kildeer,,20281 Rand Road,Kildeer,IL,60047,+1 847-726-4601
Whole Foods Market,naperville,,2607 West 75th Street,Naperville,IL,60540,+1 630-579-7700
Whole Foods Market,northbrook,,840 Willow Road,Northbrook,IL,60062,+1 847-205-5353
Whole Foods Market,orlandpark,,15260 South La Grange Road,Orland Park,IL,60462,+1 708-364-1350
Whole Foods Market,parkridge,,225 West Touhy Avenue,Park Ridge,IL,60068,+1 847-292-7100
Whole Foods Market,riverforest,,7245 Lake Street,River Forest,IL,60305,+1 708-366-1045
Whole Foods Market,schaumburg,,750 North Martingale Road,Schaumburg,IL,60173,+1 847-585-5800
Whole Foods Market,vernonhills,,851 North Milwaukee Avenue,Vernon Hills,IL,60061,+1 224-504-3990
Whole Foods Market,wheaton,,89 Danada Square East,Wheaton,IL,60189,+1 630-588-1500
Whole Foods Market,willowbrookkingery,,6300 Kingery Highway,Willowbrook,IL,60527,+1 630-655-5000
Whole Foods Market,carmel,,14598 Clay Terrace Boulevard,Carmel,IN,46032,+1 317-569-1517
Whole Foods Market,eightysixthst,,1300 East 86th Street,Indianapolis,IN,46240,+1 317-706-0900
Whole Foods Market,marketsquare,,320 East Market Street,Indianapolis,IN,46204,+1 317-559-9360
Whole Foods Market,mishawaka,,4230 Grape Road,Mishawaka,IN,46545,+1 574-247-5800
Whole Foods Market,schererville,,199 Indianapolis Boulevard,Schererville,IN,46375,+1 219-864-5400
Whole Foods Market,olathe,,14615 West 119th Street,Olathe,KS,66062,+1 913-764-5656
Whole Foods Market,overlandpark,,11900 Metcalf Avenue,Overland Park,KS,66213,+1 913-663-2951
Whole Foods Market,10504,,1423 North Webb Road,Wichita,KS,67206,+1 316-630-8484
Whole Foods Market,lexington,,4059 Finn Way,Lexington,KY,40517,+1 859-971-8600
Whole Foods Market,louisville,,4944 Shelbyville Road,St Matthews,KY,40207,+1 502-899-5545
Whole Foods Market,batonrouge,,7529 Corporate Boulevard,Baton Rouge,LA,70809,+1 225-218-0452
Whole Foods Market,ambassadorcaffery,,4247 Ambassador Caffery Parkway,Lafayette,LA,70508,+1 337-314-9653
Whole Foods Market,mandeville,,3450 Highway 190,Mandeville,LA,70471,+1 985-231-3328
Whole Foods Market,vets,,3420 Veterans Memorial Boulevard,Metairie,LA,70002,+1 504-888-8225
Whole Foods Market,broadstreet,,300 North Broad Street,New Orleans,LA,70119,+1 504-434-3364
Whole Foods Market,arabellastation,,5600 Magazine Street,New Orleans,LA,70115,+1 504-899-9119
Whole Foods Market,shreveport,,1380 East 70th Street,Shreveport,LA,71105,+1 318-462-9895
Whole Foods Market,andover,,40 Railroad Street,Andover,MA,01810,+1 978-749-6664
Whole Foods Market,arlington-ma,,808 Massachusetts Avenue,Arlington,MA,02476,+1 781-777-7200
Whole Foods Market,bedford,,170 The Great Road,Bedford,MA,01730,+1 781-275-8264
Whole Foods Market,10091,,255 Hartford Avenue,Bellingham,MA,02019,+1 508-966-3331
Whole Foods Market,beverly,,150 Brimbal Avenue,Beverly,MA,01915,+1 978-529-9151
Whole Foods Market,charlesriver,,181 Cambridge Street,Boston,MA,02114,+1 617-723-0004
Whole Foods Market,southend,,348 Harrison Avenue,Boston,MA,02118,+1 617-904-1000
Whole Foods Market,symphony,,15 Westland Avenue,Boston,MA,02115,+1 617-375-1010
Whole Foods Market,jamaicaplain,,413 Centre Street,Boston,MA,02130,+1 617-553-5400
Whole Foods Market,,,15 Washington Street,Brighton,MA,02135,+1-617-738-8187
Whole Foods Market,freshpond,,200 Alewife Brook Parkway,Cambridge,MA,02138,+1 617-491-0040
Whole Foods Market,riverstreet,,340 River Street,Cambridge,MA,02139,+1 617-876-6990
Whole Foods Market,cambridge,,115 Prospect Street,Cambridge,MA,02139,+1 617-492-0070
Whole Foods Market,charlestown,,27 Austin Street,Charlestown,MA,02129,+1 617-337-9700
Whole Foods Market,dedham,,300 Legacy Place,Dedham,MA,02026,+1 781-329-7100
Whole Foods Market,framingham,,575 Worcester Road,Framingham,MA,01702,+1 508-628-9525
Whole Foods Market,hadley,,327 Russell Street,Hadley,MA,01035,+1 413-586-9932
Whole Foods Market,hingham,,94 Derby Street,Hingham,MA,02043,+1 781-741-8050
Whole Foods Market,hyannis,,990 Iyannough Road,Hyannis,MA,02601,+1 508-418-5900
Whole Foods Market,lynnfield,,100 Market Street,Lynnfield,MA,01940,+1 781-776-4300
Whole Foods Market,medford,,2151 Mystic Valley Parkway,Medford,MA,02155,+1 781-395-4998
Whole Foods Market,melrose,,880 Main Street,Melrose,MA,02176,+1-781-606-3400
Whole Foods Market,newton,,916 Walnut Street,Newton,MA,02461,+1 617-969-1141
Whole Foods Market,newtonville,,647 Washington Street,Newton,MA,02458,+1 617-965-2070
Whole Foods Market,shrewsbury,,193 Boston Turnpike,Shrewsbury,MA,01545,+1 508-749-5520
Whole Foods Market,somerville,,45 Beacon Street,Somerville,MA,02143,+1 617-902-9300
Whole Foods Market,sudbury,,536 Boston Post Road,Sudbury,MA,01776,+1 508-358-7700
Whole Foods Market,swampscott,,331 Paradise Road,Swampscott,MA,01907,+1 781-592-2200
Whole Foods Market,wellesley,,442 Washington Street,Wellesley,MA,02482,+1 781-235-7262
Whole Foods Market,westford,,160 Littleton Road,Westford,MA,01886,+1 978-303-2900
Whole Foods Market,southweymouth,,35 Pleasant Street,Weymouth,MA,02190,+1 781-277-5200
Whole Foods Market,woburn,,400 Cambridge Road,Woburn,MA,01801,+1 781-376-9600
Whole Foods Market,,,200 Harker Place,,MD,21041,+1 410-573-1800
Whole Foods Market,harboreast,,711 South Central Avenue,Baltimore,MD,21202,+1 410-528-1640
Whole Foods Market,mountwashington,,1330 Smith Avenue,Baltimore,MD,21209,+1 410-532-6700
Whole Foods Market,bethesda,,5269 River Road,Bethesda,MD,20816,+1 301-984-4860
Whole Foods Market,friendshipheights,,4420 Willard Avenue,Chevy Chase,MD,20815,+1 301-657-1520
Whole Foods Market,columbia-md,,10275 Little Patuxent Parkway,Columbia,MD,21044,+1 240-865-1827
Whole Foods Market,kentlands,,316 Kentlands Boulevard,Gaithersburg,MD,20878,+1 301-258-9500
Whole Foods Market,riverdalepark,,6621 Baltimore Avenue,Riverdale,MD,20737,+1 240-487-7575
Whole Foods Market,rockville,,11355 Woodglen Drive,Rockville,MD,20852,+1 301-984-4880
Whole Foods Market,silverspring,,833 Wayne Avenue,Silver Spring,MD,20910,+1 301-608-9373
Whole Foods Market,towson,,300 Towson Row,Towson,MD,21204,+1 443-652-6566
Whole Foods Market,portland-me,,2 Somerset Street,Portland,ME,04101,+1 207-774-7711
Whole Foods Market,cranbrook,,990 West Eisenhower Parkway,Ann Arbor,MI,48103,+1 734-997-7500
Whole Foods Market,10167,,3135 Washtenaw Avenue,Ann Arbor,MI,48104,+1 734-975-4500
Whole Foods Market,birminghammi,,2100 East Maple Road,Birmingham,MI,48009,+1 248-649-9600
Whole Foods Market,detroit,,115 Mack Avenue,Detroit,MI,48201,+1 313-576-5300
Whole Foods Market,eastlansing,,2750 East Grand River Avenue,East Lansing,MI,48823,+1 517-319-2000
Whole Foods Market,grandrapids,,2897 Radcliff Avenue Southeast,Kentwood,MI,49512,+1 616-226-8880
Whole Foods Market,10330,,2918 Walton Boulevard,Rochester Hills,MI,48309,+1 248-371-1400
Whole Foods Market,10120,,7350 Orchard Lake Road,West Bloomfield,MI,48322,+1 248-538-4600
Whole Foods Market,edina,,7401 France Avenue South,Edina,MN,55435,+1 952-830-3500
Whole Foods Market,maplegrove,,12201 Elm Creek Boulevard North,Maple Grove,MN,55369,+1 763-416-7300
Whole Foods Market,hennepin,,222 Hennepin Avenue,Minneapolis,MN,55401,+1 612-313-7100
Whole Foods Market,uptownminneapolis,,3060 Excelsior Boulevard,Minneapolis,MN,55416,+1 612-927-8141
Whole Foods Market,minnetonka,,1001 Plymouth Road,Minnetonka,MN,55305,+1 952-797-5600
Whole Foods Market,stpaul,,1575 Selby Avenue,Saint Paul,MN,55104,+1 651-690-0197
Whole Foods Market,woodbury,,305 Radio Drive,Woodbury,MN,55125,+1 651-252-3060
Whole Foods Market,st-louis,,1601 South Brentwood Boulevard,Brentwood,MO,63144,+1 314-968-7744
Whole Foods Market,kansascity,,301 East 51st Street,Kansas City,MO,64112,+1 816-708-3700
Whole Foods Market,centralwestend,,4577 West Pine Boulevard,Saint Louis,MO,63108,+1 314-474-7300
Whole Foods Market,townandcountry,,1160 Town & Country Crossing Drive,Town and Country,MO,63017,+1 636-527-1160
Whole Foods Market,jkn,,39211 Interstate 55 North,Jackson,MS,39211,+1 601-608-0405
Whole Foods Market,bozeman,,2905 West Main Street,Bozeman,MT,59718,+1 406-602-8249
Whole Foods Market,eastasheville,,4 South Tunnel Road,Asheville,NC,28805,+1 828-239-9604
Whole Foods Market,southasheville,,1856 Hendersonville Road,Asheville,NC,28803,+1 828-378-0477
Whole Foods Market,asheville,,70 Merrimon Avenue,Asheville,NC,28801,+1 828-254-5440
Whole Foods Market,cary,,102 New Waverly Place,Cary,NC,27518,+1 919-816-8830
Whole Foods Market,westcary,,5055 Arco Street,Cary,NC,27617,+1 984-228-0300
Whole Foods Market,chapelhill,,81 South Elliot Road,Chapel Hill,NC,27514,+1 919-968-1983
Whole Foods Market,uptowncharlotte,,400 East Brooklyn Village Avenue,Charlotte,NC,28202,+1 704-969-5950
Whole Foods Market,charlotte,,6610 Fairview Road,Charlotte,NC,28210,+1 980-213-2400
Whole Foods Market,waverly,,7221 Waverly Walk Avenue,Charlotte,NC,28277,+1 704-949-1860
Whole Foods Market,charlotte,,6610 Fairview Road,Charlotte,NC,28210,+1 980-213-2400
Whole Foods Market,waverly,,7221 Waverly Walk Avenue,Charlotte,NC,28277,+1 704-949-1860
Whole Foods Market,durham,,621 Broad Street,Durham,NC,27705,+1 919-286-2290
Whole Foods Market,greensborofriendly,,3202 West Friendly Avenue,Greensboro,NC,27408,+1 336-398-2880
Whole Foods Market,lakenorman,,9129 Sam Furr Road,Huntersville,NC,28078,+1 704-765-3735
Whole Foods Market,raleigh,,3540 Wade Avenue,Raleigh,NC,27607,+1 919-828-5805
Whole Foods Market,northraleigh,,8710 Six Forks Road,Raleigh,NC,27615,+1 919-354-0350
Whole Foods Market,wilmington,,3804 Oleander Drive,Wilmington,NC,28403,+1 910-777-2499
Whole Foods Market,winston-salem,,41 Miller Street,Winston-Salem,NC,27104,+1 336-722-9233
Whole Foods Market,lincoln,,6055 O Street,Lincoln,NE,68510,+1-402-486-6000
Whole Foods Market,omaha,,10020 Regency Circle,Omaha,NE,68114,+1 402-393-1200
Whole Foods Market,,,121 South River Road,Bedford,NH,03110,+1-603-218-1900
Whole Foods Market,,,272 Daniel Webster Highway,Nashua,NH,03060,+16033183000
Whole Foods Market,nashua,,255 Amherst Street,Nashua,NH,03063,+1 603-318-7550
Whole Foods Market,portsmouth,,1600 Woodbury Avenue,Portsmouth,NH,03801,+1-603-294-1115
Whole Foods Market,bridgewater,,319 Chimney Rock Road,Bound Brook,NJ,08805,+1 732-584-1960
Whole Foods Market,cherryhill,,1558 Kings Highway North,Cherry Hill,NJ,08034,+1 856-651-5271
Whole Foods Market,clark,,1255 Raritan Road,Clark,NJ,07066,+1 732-381-1010
Whole Foods Market,closter,,45 Vervalen Street,Closter,NJ,07624,+1 201-367-9099
Whole Foods Market,edgewater,,905 River Road,Edgewater,NJ,07020,+1 201-941-4000
Whole Foods Market,,,101 Washington Street,Hoboken,NJ,07030,
Whole Foods Market,jerseycity,,135 Greene Street,Jersey City,NJ,07311,+1 201-885-5388
Whole Foods Market,madisonnj,,222 Main Street,Madison,NJ,07940,+1 973-822-8444
Whole Foods Market,marlboro,,113 Route 9 South,Marlboro,NJ,07726,+1 732-792-5900
Whole Foods Market,marlton,,940 Route 73 North,Marlton,NJ,08053,+1 856-797-1115
Whole Foods Market,metuchen,,645 Middlesex Avenue,Metuchen,NJ,08840,+1 732-515-6180
Whole Foods Market,montclair,,701 Bloomfield Avenue,Montclair,NJ,07042,+1 973-746-5110
Whole Foods Market,morristown,,110 Washington Street,Morristown,NJ,07960,+1 973-385-1900
Whole Foods Market,newark,,633 Broad Street,Newark,NJ,07102,+1 973-755-5080
Whole Foods Market,paramus,,300 Bergen Town Center,Paramus,NJ,07652,+1 201-226-1244
Whole Foods Market,parsippany,,60 Waterview Boulevard,Parsippany,NJ,07054,+1 862-286-2777
Whole Foods Market,princeton,,3495 Brunswick Pike,Princeton,NJ,08540,+1 609-799-2919
Whole Foods Market,middletown,,471 State Route 35 North,Red Bank,NJ,07701,+1 732-758-1688
Whole Foods Market,ridgewood,,44 Godwin Avenue,Ridgewood,NJ,07450,+1 201-670-0383
Whole Foods Market,millburn,,2245 Springfield Avenue,Union,NJ,07088,+1 908-688-1455
Whole Foods Market,wayne,,560 Valley Road,Wayne,NJ,07470,+1 973-587-1470
Whole Foods Market,weehawken,,1400 Waterfront Terrace,Weehawken,NJ,07086,+1 551-300-6080
Whole Foods Market,westorange,,235 Prospect Avenue,West Orange,NJ,07052,+1 973-669-3196
Whole Foods Market,woodclifflake,,500 Chestnut Ridge Road,Woodcliff Lake,NJ,07677,+1 551-249-2595
Whole Foods Market,,,5815 Wyoming Boulevard Northeast,Albuquerque,NM,87109,+1-505-856-0474
Whole Foods Market,,,2100 Carlisle Boulevard Northeast,Albuquerque,NM,87110,+1 505-260-1366
Whole Foods Market,cerrillos,,753 Cerrillos Road,Santa Fe,NM,87505,+1 505-992-1700
Whole Foods Market,henderson,,100 South Green Valley Parkway,Henderson,NV,89012,+1 702-361-8183
Whole Foods Market,lvb,,6689 South Las Vegas Boulevard,Las Vegas,NV,89119,+1 702-589-7711
Whole Foods Market,tenaya,,North Tenaya Way,Las Vegas,NV,89128,+1 702-942-1500
Whole Foods Market,reno,,6139 South Virginia Street,Reno,NV,89502,+1 775-852-8023
Whole Foods Market,,,Spruce Goose Street,Summerlin South,NV,89135,
Whole Foods Market,10601,,3097 Sheridan Drive,Amherst,NY,14226,+1 716-398-4502
Whole Foods Market,williamsburg,,238 Bedford Avenue,Brooklyn,NY,11249,+1 718-734-2321
Whole Foods Market,fortgreene,,292 Ashland Place,Brooklyn,NY,11215,+1 718-290-1010
Whole Foods Market,thirdand3rd,,214 3rd Street,Brooklyn,NY,11215,+1 718-907-3622
Whole Foods Market,chappaqua,,480 North Bedford Road,Chappaqua,NY,10514,+1 914-340-5130
Whole Foods Market,albany,,131 Colonie Center,Colonie,NY,12205,+1 518-621-5300
Whole Foods Market,commack,,120 Veterans Memorial Highway,Commack,NY,11725,+1 631-670-0580
Whole Foods Market,westbury,,867 East Gate Boulevard,Garden City,NY,11530,+1 516-540-3040
Whole Foods Market,,,350 Walt Whitman Road,Huntington Station,NY,11746,+15165875321
Whole Foods Market,jericho,,429 North Broadway,Jericho,NY,11753,+1 516-932-1733
Whole Foods Market,lakegrove,,120 New Moriches Road,Lake Grove,NY,11755,+1 631-588-1466
Whole Foods Market,manhasset,,2101 Northern Boulevard,Manhasset,NY,11030,+1 516-869-8900
Whole Foods Market,unionsquare,,4 Union Square South,New York,NY,10003,+1 212-673-5388
Whole Foods Market,tribeca,,270 Greenwich Street,New York,NY,10007,+1 212-349-6555
Whole Foods Market,columbuscircle,,10 Columbus Circle,New York,NY,10019,+1 212-823-9600
Whole Foods Market,upperwestside,,808 Columbus Avenue,New York,NY,10025,+1 212-222-6160
Whole Foods Market,bowery,,95 East Houston Street,New York,NY,10002,+1 212-420-1320
Whole Foods Market,,,409 East 14th Street,New York,NY,10009,+1-646-690-8645
Whole Foods Market,uppereastside,,1551 3rd Avenue,New York,NY,10128,+1 646-891-3888
Whole Foods Market,bryantpark,,1095 Avenue of the Americas,New York,NY,10036,+1 917-728-5700
Whole Foods Market,midtown-east,,226 East 57th Street,New York,NY,10022,+1 646-497-1222
Whole Foods Market,harlem,,100 West 125th Street,New York,NY,10027,+1 212-678-1940
Whole Foods Market,,,1175 3rd Avenue,New York,NY,10021,+1-646-690-6880
Whole Foods Market,chelsea,,250 7th Avenue,New York,NY,10001,+1 212-924-5969
Whole Foods Market,manhattanwest,,368 10th Avenue,New York,NY,10001,+1 646-540-1104
Whole Foods Market,onewallstreet,,66 Broadway,New York,NY,10005,+1 646-779-8229
Whole Foods Market,,,63 Madison Avenue,New York,NY,10037,+1 646-779-2848
Whole Foods Market,portchester,,575 Boston Post Road,Port Chester,NY,10573,+1 914-708-1985
Whole Foods Market,rochester,,2740 Monroe Avenue,Rochester,NY,14618,+1 585-895-7750
Whole Foods Market,whiteplains,,110 Bloomingdale Road,White Plains,NY,10605,+1 914-288-1300
Whole Foods Market,yonkers,,1 Ridge Hill Boulevard,Yonkers,NY,10710,+1 914-378-8090
Whole Foods Market,akron,,1745 West Market Street,Akron,OH,44313,+1 330-615-2100
Whole Foods Market,kenwood,,5901 East Galbraith Road,Cincinnati,OH,45236,+1 513-699-7710
Whole Foods Market,cincinnati,,2693 Edmondson Road,Cincinnati,OH,45209,+1 513-531-8015
Whole Foods Market,dublin,,3670 West Dublin Granville Road,Columbus,OH,43235,+1 614-760-5556
Whole Foods Market,easton,,4100 Easton Gateway Drive,Columbus,OH,43219,+1 614-536-0570
Whole Foods Market,dayton,,1050 Miamisburg Centerville Road,Dayton,OH,45458,+1 937-999-6880
Whole Foods Market,mason,,5805 Deerfield Boulevard,Mason,OH,45040,+1 513-398-9358
Whole Foods Market,orangevillage,,50 Wall Street,Orange,OH,44122,+1 216-464-9403
Whole Foods Market,rockyriver,,19607 Detroit Road,Rocky River,OH,44116,+1 440-596-3440
Whole Foods Market,cleveland,,13998 Cedar Road,University Heights,OH,44118,+1 216-932-3918
Whole Foods Market,upperarlington,,1555 West Lane Avenue,Upper Arlington,OH,43221,+1 614-481-3400
Whole Foods Market,oklahomacity,,6001 North Western Avenue,Oklahoma City,OK,73118,+1 405-879-3500
Whole Foods Market,brookside,,1401 East 41st Street South,Tulsa,OK,74105,+1 918-712-7555
Whole Foods Market,Yale,,9136 South Yale Avenue East,Tulsa,OK,74137,+1 918-879-0493
Whole Foods Market,bend,,2610 Northeast Highway 20,Bend,OR,97701,+1 541-389-0151
Whole Foods Market,eugene,,353 East Broadway,Eugene,OR,97401,+1 541-434-8820
Whole Foods Market,tanasbourne,,9940 Northeast Cornell Road,Hillsboro,OR,97124,+1 503-645-9200
Whole Foods Market,lakeoswego,,11 South State Street,Lake Oswego,OR,97034,+1 503-782-4672
Whole Foods Market,sandy,,4301 Northeast Sandy Boulevard,Portland,OR,97213,+1 503-284-2644
Whole Foods Market,pearl,,1210 Northwest Couch Street,Portland,OR,97209,+1 503-525-4343
Whole Foods Market,fremont,,3535 Northeast 15th Avenue,Portland,OR,97212,+1 503-288-3414
Whole Foods Market,laurelhurst,,2825 East Burnside Street,Portland,OR,97214,+1 503-232-6601
Whole Foods Market,tigard,,7380 Southwest Bridgeport Road,Tigard,OR,97224,+1 503-639-6500
Whole Foods Market,greenway,,12220 Southwest Scholls Ferry Road,Tigard,OR,97223,+1 971-371-7000
Whole Foods Market,10566,,750 Krocks Road,Allentown,PA,18062,+1 484-506-2159
Kimberton Whole Foods,,,222 East Main Street,Collegeville,PA,19426,+1 484-971-6055
Whole Foods Market,,,1745 South Easton Road,Doylestown Township,PA,18901,+1-267-915-6880
Whole Foods Market,10660,,175 North Pottstown Pike,Exton,PA,19341,+1 610-423-6360
Whole Foods Market,glenmills,,475 Wilmington West Chester Pike,Glen Mills,PA,19342,+1 610-358-1133
Whole Foods Market,jenkintown,,1575 The Fairway,Jenkintown,PA,19046,+1 215-481-0800
Whole Foods Market,lancaster,,1563 Fruitville Pike,Lancaster,PA,17601,+1 717-984-5700
Whole Foods Market,newtown,,3737 West Chester Pike,Newtown Square,PA,19073,+1 610-848-7200
Whole Foods Market,southstreet,,929 South Street,Philadelphia,PA,19147,+1 215-733-9788
Whole Foods Market,phillycentercity,,2101 Pennsylvania Avenue,Philadelphia,PA,19130,+1 215-557-0015
Whole Foods Market,eastliberty,,5700 Penn Avenue,Pittsburgh,PA,15206,+1 412-441-7960
Whole Foods Market,southhills,,111 Siena Drive,Pittsburgh,PA,15241,+1 412-409-4550
Whole Foods Market,plymouthmeeting,,500 West Germantown Pike,Plymouth Meeting,PA,19462,+1 610-832-0010
Whole Foods Market,springhouse,,1111 Bethlehem Pike,Spring House,PA,19477,+1 215-646-6300
Whole Foods Market,devon,,821 Lancaster Avenue,Wayne,PA,19087,+1 610-688-9400
Whole Foods Market,wexford,,10576 Perry Highway,Wexford,PA,15090,+1 724-940-6100
Whole Foods Market,wynnewood,,15 East Wynnewood Road,Wynnewood,PA,19096,+1 610-896-3737
Whole Foods Market,cranston,,151 Sockanosset Cross Road,Cranston,RI,02920,+1 401-942-7600
Whole Foods Market,university,,601 North Main Street,Providence,RI,02904,+1 401-621-5990
Whole Foods Market,providence,,261 Waterman Street,Providence,RI,02906,+1 401-272-1690
Whole Foods Market,westashley,,1125 Savannah Highway,Charleston,SC,29407,+1 843-329-6540
Whole Foods Market,columbia,,702 Cross Hill Road,Columbia,SC,29205,+1 803-509-6700
Whole Foods Market,columbia,,702 Cross Hill Road,Columbia,SC,29205,+1 803-509-6700
Whole Foods Market,greenville,,1140 Woodruff Road,Greenville,SC,29607,+1 864-335-2300
Whole Foods Market,hiltonheadisland,,50 Shelter Cove Lane,Hilton Head Island,SC,29928,+1 843-842-0700
Whole Foods Market,charleston,,923 Houston Northcutt Boulevard,Mount Pleasant,SC,29464,+1 843-971-7240
Whole Foods Market,chattanooga,,301 Manufacturers Road,Chattanooga,TN,37405,+1 423-702-7300
Whole Foods Market,chattanoogaeast,,1814 Gunbarrel Road,Chattanooga,TN,37421,+1 423-425-9133
Whole Foods Market,mcewen,,1566 West McEwen Drive,Franklin,TN,37067,+1 615-550-5660
Whole Foods Market,germantown,,7825 US Highway 72,Germantown,TN,38138,+1 901-896-3245
Whole Foods Market,knoxville,,6730 Papermill Drive Northwest,Knoxville,TN,37919,+1 865-291-6400
Whole Foods Market,poplaravenue,,5014 Poplar Avenue,Memphis,TN,38117,+1 901-969-4368
Whole Foods Market,greenhills,,4021 Hillsboro Pike,Nashville,TN,37215,+1 615-440-5100
Whole Foods Market,nashvilledowntown,,1202 Broadway,Nashville,TN,37203,+1 615-747-1650
Whole Foods Market,addison,,5100 Belt Line Road,Addison,TX,75254,+1 214-854-3334
Whole Foods Market,arlington-tx,,801 East Lamar,Arlington,TX,76011,+1 817-461-9362
Whole Foods Market,gateway,,9607 Research Boulevard,Austin,TX,78759,+1 512-345-5003
Whole Foods Market,arbortrails,,4301 West William Cannon Drive,Austin,TX,78749,+1 512-358-2460
Whole Foods Market,eastaustin,,901 East 5th Street,Austin,TX,78702,+1 512-884-5910
Whole Foods Market,lamar,,525 North Lamar Boulevard,Austin,TX,78703,+1 512-542-2200
Whole Foods Market,domain,,11920 Domain Drive,Austin,TX,78758,+1 512-831-3981
Whole Foods Market,beecave,,12601 Hill Country Boulevard,Bee Cave,TX,78738,+1 512-206-2730
Whole Foods Market,cedarpark,,5001 183A Toll Road,Cedar Park,TX,78613,+1 512-690-2605
Whole Foods Market,colleyville,,4801 Colleyville Boulevard,Colleyville,TX,76034,+1 817-918-3821
Whole Foods Market,parklane,,8190 Park Lane,Dallas,TX,75231,+1 214-342-4850
Whole Foods Market,uptowndallas,,2510 McKinney Avenue,Dallas,TX,75201,+1 469-518-5814
Whole Foods Market,lakewood,,2118 Abrams Road,Dallas,TX,75214,+1 214-824-1744
Whole Foods Market,preston,,11700 Preston Road,Dallas,TX,75230,+1 214-361-8887
Whole Foods Market,elpaso,,100 Pitt Street,El Paso,TX,79912,+1 915-236-1420
Whole Foods Market,fairview,,105 Stacy Road,Fairview,TX,75069,+1 972-549-4090
Whole Foods Market,fortworth,,3720 Vision Drive,Fort Worth,TX,76109,+1 682-316-8040
Whole Foods Market,highlandpark,,4100 Lomo Alto Drive,Highland Park,TX,75219,+1 214-520-7993
Whole Foods Market,highlandvillage,,4041 Justin Road,Highland Village,TX,75077,+1 972-538-9710
Whole Foods Market,voss,,1047 South Voss Road,Houston,TX,75057,+1 713-789-4477
Whole Foods Market,postoak,,1700 Post Oak Boulevard,Houston,TX,77056,+1 713-346-0537
Whole Foods Market,independenceheights,,101 North Loop,Houston,TX,77018,+1 713-369-0800
Whole Foods Market,westchase,,11041 Westheimer Road,Houston,TX,77042,+1 713-784-7776
Whole Foods Market,bellaire,,4004 Bellaire Boulevard,Houston,TX,77025,+1 713-667-4090
Whole Foods Market,montrose,,701 Waugh Drive,Houston,TX,77019,+1 713-284-1260
Whole Foods Market,kirby,,2955 Kirby Drive,Houston,TX,77098,+1 713-520-1937
Whole Foods Market,champions,,10133 Louetta Road,Houston,TX,77070,+1 281-803-6396
Whole Foods Market,lascolinas,,6741 North MacArthur Boulevard,Irving,TX,75039,+1 469-845-8001
Whole Foods Market,katy,,6601 South Fry Road,Katy,TX,77494,+1 281-769-5670
Whole Foods Market,plano,,2201 Preston Road,Plano,TX,75093,+1 972-612-6729
Whole Foods Market,cityline,,1411 East Renner Road,Richardson,TX,75082,+1 214-273-0902
Whole Foods Market,quarry,,255 East Basse Road,San Antonio,TX,78209,+1 210-826-4676
Whole Foods Market,vineyard,,18403 Blanco Road,San Antonio,TX,78258,+1 210-408-3110
Whole Foods Market,sugarland,,15900 Southwest Freeway,Sugar Land,TX,77478,+1 281-491-5577
Whole Foods Market,thewoodlands,,1925 Hughes Landing Boulevard,The Woodlands,TX,77380,+1 832-246-5600
Whole Foods Market,highlanddrive,,6930 South Highland Drive,Cottonwood Heights,UT,84121,+1 801-733-9455
Whole Foods Market,canyoncorners,,6598 North Landmark Drive,Park City,UT,84098,+1 435-575-0200
Whole Foods Market,sugarhouse,,1131 East Wilmington Avenue,Salt Lake City,UT,84106,+1 801-359-7913
Whole Foods Market,trolleysquare,,544 South 700 East,Salt Lake City,UT,84102,+1 801-924-9060
Whole Foods Market,alexandria,,1700 Duke Street,Alexandria,VA,22314,+1 703-706-0891
Whole Foods Market,pentagoncity,,520 12th Street South,Arlington,VA,22202,+1 571-777-3948
Whole Foods Market,arlington-va,,2700 North Wilson Boulevard,Arlington,VA,22201,+1 703-527-6596
Whole Foods Market,,,1550 Crystal Drive,Arlington,VA,22202,+1 800-250-0668
Whole Foods Market,ashburn,,19800 Belmont Chase Drive,Ashburn,VA,20147,+1 571-223-4440
Whole Foods Market,charlottesville,,1797 Hydraulic Road,Charlottesville,VA,22901,+1 434-973-4900
Whole Foods Market,fairlakes,,4501 Market Commons Drive,Fairfax,VA,22033,+1 703-222-2058
Whole Foods Market,,,103 East Broad Street,Falls Church,VA,22046,+1-703-448-1600
Whole Foods Market,shortpump,,11173 West Broad Street,Glen Allen,VA,23233,+1 804-364-4050
Whole Foods Market,newportnews,,12090 Jefferson Avenue,Newport News,VA,23606,+1 757-947-2460
Whole Foods Market,,,1861 Fountain Drive,Reston,VA,20190,+1-703-736-0600
Whole Foods Market,richmond-va,,2022 West Broad Street,Richmond,VA,23220,+1 804-956-3750
Whole Foods Market,springfieldplaza,,6426 Springfield Plaza,Springfield,VA,22150,+1 703-644-2500
Whole Foods Market,tysonscorner,,1635 Boro Place,Tysons,VA,22102,+1 571-634-3610
Whole Foods Market,vienna,,143 Maple Avenue East,Vienna,VA,22180,+1 703-319-2000
Whole Foods Market,virginiabeach,,1800 Laskin Road,Virginia Beach,VA,23454,+1 757-422-0444
Whole Foods Market,bellevue,,888 116th Avenue Northeast,Bellevue,WA,98005,+1-425-462-1400
Whole Foods Market,bellinghamlakeway,,1030 Lakeway Drive,Bellingham,WA,98229,+1-360-714-6820
Whole Foods Market,kirkland,,12501 120th Avenue Northeast,Kirkland,WA,98034,+1-425-979-3301
Whole Foods Market,lynnwood,,2800 196th Street Southwest,Lynnwood,WA,98036,+1-425-775-1320
Whole Foods Market,redmond,,17991 Redmond Way Northeast,Redmond,WA,98052,+1-425-881-2600
Whole Foods Market,rooseveltsquare,,1026 Northeast 64th Street,Seattle,WA,98115,+1-206-985-1500
Whole Foods Market,westlake,,2200 Westlake Avenue,Seattle,WA,98121,+1-206-621-9700
Whole Foods Market,interbay,,2001 15th Avenue West,Seattle,WA,98119,+1-206-352-5440
Whole Foods Market,westseattle,,4755 Fauntleroy Way Southwest,Seattle,WA,98116,+1-206-338-5060
Whole Foods Market,chambersbay,,3515 Bridgeport Way West,University Place,WA,98466,+1-253-534-4500
Whole Foods Market,madisonsegoe,,4710 Madison Yards Way,Madison,WI,53705,+1 608-233-9566
Whole Foods Market,mlw,,2305 North Prospect Avenue,Milwaukee,WI,53211,+1 414-223-1500
Whole Foods Market,wauwatosa,,11100 West Burleigh Street,Wauwatosa,WI,53222,+1 414-808-3600
Whole Foods Market,,,1155 South Highway 89,Jackson,WY,83001,
Whole Foods Market,jacksonwyoming,,1155 South Highway 89,Jackson,WY,83001,+1 307-733-0450
